"Tanggal","Terakhir","Pembukaan","Tertinggi","Terendah","Vol.","Perubahan%"
"25/10/2024","310","322","330","302","389,56M","-3,13%"
"24/10/2024","320","358","358","314","662,47M","-10,11%"
"23/10/2024","356","400","406","350","565,22M","-10,55%"
"22/10/2024","398","420","420","382","574,53M","-2,93%"
"21/10/2024","410","376","416","368","796,66M","11,41%"
"18/10/2024","368","332","398","330","885,64M","10,84%"
"17/10/2024","332","282","340","278","808,64M","18,57%"
"16/10/2024","280","274","280","270","223,96M","2,19%"
"15/10/2024","274","270","278","268","203,66M","1,48%"
"14/10/2024","270","266","270","262","180,56M","2,27%"
"11/10/2024","264","264","268","260","131,94M","0,76%"
"10/10/2024","262","272","272","260","175,20M","-2,96%"
"09/10/2024","270","268","274","266","158,55M","0,75%"
"08/10/2024","268","276","280","266","218,65M","-2,90%"
"07/10/2024","276","282","284","272","138,25M","-2,13%"
"04/10/2024","282","282","284","276","128,48M","0,71%"
"03/10/2024","280","284","296","278","259,07M","-1,41%"
"02/10/2024","284","280","316","276","535,63M","1,43%"
"01/10/2024","280","276","280","272","212,99M","1,45%"
"30/09/2024","276","270","280","266","254,47M","2,22%"
"27/09/2024","270","280","282","264","175,30M","-2,88%"
"26/09/2024","278","280","284","274","227,11M","-0,71%"
"25/09/2024","280","276","286","274","336,31M","2,19%"
"24/09/2024","274","268","280","260","287,43M","3,01%"
"23/09/2024","266","262","274","260","251,91M","1,53%"
"20/09/2024","262","266","272","258","194,74M","-1,50%"
"19/09/2024","266","268","272","256","260,33M","0,00%"
"18/09/2024","266","286","290","262","300,37M","-6,34%"
"17/09/2024","284","266","288","260","360,70M","7,58%"
"13/09/2024","264","272","282","252","354,82M","-2,22%"
"12/09/2024","270","296","300","266","309,15M","-8,16%"
"11/09/2024","294","286","304","274","620,67M","2,08%"
"10/09/2024","288","238","294","232","611,94M","22,03%"
"09/09/2024","236","230","238","224","148,75M","2,61%"
"06/09/2024","230","236","240","226","137,15M","-2,54%"
"05/09/2024","236","236","242","230","139,51M","0,00%"
"04/09/2024","236","230","244","226","215,97M","2,61%"
"03/09/2024","230","232","234","224","138,10M","0,00%"
"02/09/2024","230","240","244","228","149,26M","-4,17%"
"30/08/2024","240","230","242","218","250,00M","4,35%"
"29/08/2024","230","234","240","228","147,22M","-1,71%"
"28/08/2024","234","220","240","216","215,90M","6,36%"
"27/08/2024","220","224","226","214","140,68M","-1,79%"
"26/08/2024","224","226","228","220","143,98M","0,00%"
"23/08/2024","224","222","228","220","138,00M","1,82%"
"22/08/2024","220","222","228","218","166,74M","-0,90%"
"21/08/2024","222","238","242","218","220,99M","-6,72%"
"20/08/2024","238","240","244","234","129,99M","0,00%"
"19/08/2024","238","240","244","234","141,87M","1,71%"
"16/08/2024","234","244","248","232","154,92M","-4,10%"
"15/08/2024","244","236","248","230","172,30M","4,27%"
"14/08/2024","234","240","244","232","134,72M","-2,50%"
"13/08/2024","240","252","258","228","176,74M","-4,00%"
"12/08/2024","250","250","256","242","127,10M","0,81%"
"09/08/2024","248","252","264","240","231,51M","-0,80%"
"08/08/2024","250","224","254","216","310,94M","11,61%"
"07/08/2024","224","214","224","210","150,84M","5,66%"
"06/08/2024","212","210","220","208","142,45M","1,92%"
"05/08/2024","208","222","222","206","240,53M","-7,14%"
"02/08/2024","224","218","228","214","173,56M","2,75%"
"01/08/2024","218","222","224","212","149,11M","-0,91%"
"31/07/2024","220","208","222","202","186,52M","6,80%"
"30/07/2024","206","218","218","202","157,01M","-4,63%"
"29/07/2024","216","204","222","204","188,67M","6,93%"
"26/07/2024","202","206","220","202","162,00M","-1,94%"
"25/07/2024","206","210","216","200","204,45M","-2,83%"
"24/07/2024","212","194","212","193","159,30M","9,28%"
"23/07/2024","194","178","196","175","184,64M","8,99%"
"22/07/2024","178","180","181","173","119,92M","-1,11%"
"19/07/2024","180","194","195","179","151,27M","-8,16%"
"18/07/2024","196","194","198","190","199,37M","1,03%"
"17/07/2024","194","193","196","186","257,34M","4,86%"
"16/07/2024","185","175","193","174","264,32M","6,32%"
"15/07/2024","174","176","180","170","123,03M","-1,14%"
"12/07/2024","176","192","195","173","211,81M","-7,85%"
"11/07/2024","191","164","198","164","303,55M","17,18%"
"10/07/2024","163","160","165","155","136,78M","2,52%"
"09/07/2024","159","160","161","154","86,68M","-0,63%"
"08/07/2024","160","161","163","157","96,49M","-0,62%"
"05/07/2024","161","160","164","155","99,56M","0,63%"
"04/07/2024","160","158","160","155","105,57M","1,91%"
"03/07/2024","157","155","158","152","109,57M","1,29%"
"02/07/2024","155","162","163","152","133,92M","-3,73%"
"01/07/2024","161","155","165","150","154,62M","3,87%"
"28/06/2024","155","149","155","144","125,42M","4,73%"
"27/06/2024","148","144","150","141","131,76M","3,50%"
"26/06/2024","143","145","146","140","86,76M","-1,38%"
"25/06/2024","145","143","147","142","82,29M","2,11%"
"24/06/2024","142","143","145","140","77,82M","-0,70%"
"21/06/2024","143","152","154","140","106,18M","-5,30%"
"20/06/2024","151","144","151","140","95,38M","4,86%"
"19/06/2024","144","139","146","137","87,51M","3,60%"
"14/06/2024","139","138","141","136","77,01M","0,72%"
"13/06/2024","138","140","143","136","73,49M","-1,43%"
"12/06/2024","140","154","156","139","81,75M","-9,68%"
"11/06/2024","155","155","158","151","67,17M","0,00%"
"10/06/2024","155","162","163","154","68,20M","-3,73%"
"07/06/2024","161","167","168","160","65,26M","-3,01%"
"06/06/2024","166","168","170","163","70,64M","0,00%"
"05/06/2024","166","161","173","158","129,26M","3,11%"
"04/06/2024","161","152","165","150","121,24M","5,92%"
"03/06/2024","152","156","158","150","68,59M","-2,56%"
"31/05/2024","156","155","157","150","85,27M","1,30%"
"30/05/2024","154","150","154","147","112,57M","3,36%"
"29/05/2024","149","148","153","145","88,67M","0,68%"
"28/05/2024","148","155","157","147","68,54M","-4,52%"
"27/05/2024","155","161","164","152","68,89M","-3,73%"
"22/05/2024","161","164","166","158","68,45M","-1,23%"
"21/05/2024","163","162","166","159","74,99M","1,24%"
"20/05/2024","161","162","166","159","76,43M","0,00%"
"17/05/2024","161","162","163","158","69,08M","0,00%"
"16/05/2024","161","165","168","160","67,17M","-1,23%"
"15/05/2024","163","154","165","154","113,83M","5,84%"
"14/05/2024","154","151","155","148","77,45M","1,99%"
"13/05/2024","151","151","157","147","95,59M","0,67%"
"08/05/2024","150","174","175","147","72,00M","-13,79%"
"07/05/2024","174","167","176","167","108,01M","4,19%"
"06/05/2024","167","165","170","156","65,18M","1,21%"
"03/05/2024","165","181","182","137","123,44M","-8,33%"
"02/05/2024","180","169","182","169","60,92M","0,56%"
"30/04/2024","179","170","186","170","64,52M","-0,56%"
"29/04/2024","180","166","184","166","81,72M","2,27%"
"26/04/2024","176","164","181","164","79,28M","1,15%"
"25/04/2024","174","166","177","166","72,12M","-0,57%"
"24/04/2024","175","174","178","171","80,68M","0,57%"
"23/04/2024","174","173","185","173","61,24M","-4,40%"
"22/04/2024","182","180","190","180","55,09M","-3,70%"
"19/04/2024","189","188","193","186","59,66M","1,61%"
"18/04/2024","186","189","192","184","54,42M","-1,59%"
"17/04/2024","189","197","198","188","55,36M","-3,57%"
"16/04/2024","196","178","199","178","80,07M","10,11%"
"05/04/2024","178","175","183","171","87,19M","0,56%"
"04/04/2024","177","168","180","167","63,61M","0,00%"
"03/04/2024","177","198","198","177","71,33M","-8,76%"
"02/04/2024","194","189","199","179","62,03M","3,74%"
"01/04/2024","187","210","214","164","160,37M","-10,95%"
"28/03/2024","210","202","212","202","90,39M","3,96%"
"27/03/2024","202","200","204","198","75,28M","1,00%"
"26/03/2024","200","200","202","196","68,22M","0,00%"
"25/03/2024","200","202","204","197","58,33M","-0,99%"
"22/03/2024","202","202","204","196","60,72M","0,00%"
"21/03/2024","202","210","210","193","80,38M","1,00%"
"20/03/2024","200","202","204","198","64,20M","0,00%"
"19/03/2024","200","194","204","193","89,40M","3,63%"
"18/03/2024","193","191","194","180","67,72M","1,05%"
"15/03/2024","191","197","199","190","84,47M","-3,05%"
"14/03/2024","197","196","202","193","79,28M","0,51%"
"13/03/2024","196","199","200","190","65,64M","-1,01%"
"08/03/2024","198","194","202","190","91,22M","2,06%"
"07/03/2024","194","189","195","184","93,97M","2,11%"
"05/03/2024","190","179","190","177","116,20M","6,15%"
"04/03/2024","179","181","186","177","61,42M","0,00%"
"01/03/2024","179","171","194","170","188,80M","4,68%"
"29/02/2024","171","158","176","157","129,56M","8,23%"
"28/02/2024","158","157","159","154","70,08M","0,64%"
"27/02/2024","157","156","159","151","121,13M","0,64%"
"26/02/2024","156","158","158","153","66,59M","0,00%"
"23/02/2024","156","153","160","150","80,58M","1,30%"
"22/02/2024","154","154","156","149","70,42M","0,65%"
"21/02/2024","153","148","161","145","125,09M","3,38%"
"20/02/2024","148","148","149","144","78,19M","0,68%"
"19/02/2024","147","147","149","144","71,43M","0,68%"
"16/02/2024","146","146","148","140","74,88M","0,69%"
"15/02/2024","145","143","150","138","86,42M","1,40%"
"13/02/2024","143","149","150","142","73,13M","-2,72%"
"12/02/2024","147","146","152","143","76,70M","0,68%"
"07/02/2024","146","146","150","137","115,61M","0,69%"
"06/02/2024","145","135","147","130","192,08M","9,02%"
"05/02/2024","133","126","133","124","95,27M","5,56%"
"02/02/2024","126","127","134","124","86,30M","1,61%"
"01/02/2024","124","122","137","122","182,10M","-5,34%"
"31/01/2024","131","111","135","111","362,28M","8,26%"
"30/01/2024","121","117","127","113","222,13M","3,42%"
"29/01/2024","117","100","117","100","119,87M","14,71%"
"26/01/2024","102","106","108","100","35,52M","-2,86%"
"25/01/2024","105","102","110","97","103,06M","3,96%"
"24/01/2024","101","97","122","94","348,63M","5,21%"
"23/01/2024","96","91","96","90","25,69M","5,49%"
"22/01/2024","91","90","92","90","6,97M","1,11%"
"19/01/2024","90","91","91","89","2,03M","0,00%"
"18/01/2024","90","90","91","89","2,60M","0,00%"
"17/01/2024","90","89","91","88","2,02M","1,12%"
"16/01/2024","89","89","90","89","3,21M","0,00%"
"15/01/2024","89","89","91","89","2,09M","0,00%"
"12/01/2024","89","90","91","89","1,44M","-1,11%"
"11/01/2024","90","90","91","89","3,00M","0,00%"
"10/01/2024","90","90","91","89","4,01M","0,00%"
"09/01/2024","90","91","91","90","1,20M","0,00%"
"08/01/2024","90","91","93","90","2,73M","-2,17%"
"05/01/2024","92","92","92","90","1,51M","1,10%"
"04/01/2024","91","92","92","90","2,22M","-1,09%"
"03/01/2024","92","92","93","90","10,41M","0,00%"
"02/01/2024","92","88","95","88","17,59M","4,55%"
"29/12/2023","88","91","92","88","3,92M","-3,30%"
"28/12/2023","91","90","92","90","4,48M","1,11%"
"27/12/2023","90","91","93","89","6,85M","-1,10%"
"22/12/2023","91","89","92","89","8,58M","3,41%"
"21/12/2023","88","88","90","88","1,27M","0,00%"
"20/12/2023","88","88","90","88","1,66M","1,15%"
"19/12/2023","87","87","89","87","1,25M","0,00%"
"18/12/2023","87","88","90","87","3,94M","-1,14%"
"15/12/2023","88","90","91","87","3,76M","0,00%"
"14/12/2023","88","87","90","87","2,04M","2,33%"
"13/12/2023","86","88","88","86","1,24M","-2,27%"
"12/12/2023","88","88","88","86","2,77M","0,00%"
"11/12/2023","88","88","89","86","4,35M","1,15%"
"08/12/2023","87","89","90","87","7,03M","-1,14%"
"07/12/2023","88","90","91","88","5,08M","-2,22%"
"06/12/2023","90","92","93","90","9,41M","-1,10%"
"05/12/2023","91","92","93","90","8,14M","0,00%"
"04/12/2023","91","89","95","89","21,64M","3,41%"
"01/12/2023","88","89","90","88","4,90M","0,00%"
"30/11/2023","88","90","91","88","3,88M","-1,12%"
"29/11/2023","89","90","93","88","26,27M","1,14%"
"28/11/2023","88","86","89","86","8,25M","2,33%"
"27/11/2023","86","85","87","84","5,01M","1,18%"
"24/11/2023","85","86","87","85","1,15M","0,00%"
"23/11/2023","85","85","86","84","2,66M","-1,16%"
"22/11/2023","86","86","86","84","1,16M","1,18%"
"21/11/2023","85","87","87","84","4,73M","-2,30%"
"20/11/2023","87","87","87","86","2,11M","0,00%"
"17/11/2023","87","88","88","86","918,10K","0,00%"
"16/11/2023","87","87","88","86","2,90M","1,16%"
"15/11/2023","86","86","87","85","1,73M","0,00%"
"14/11/2023","86","86","87","85","249,30K","0,00%"
"13/11/2023","86","86","87","85","1,56M","1,18%"
"10/11/2023","85","85","86","85","1,09M","-1,16%"
"09/11/2023","86","87","88","84","6,13M","-1,15%"
"08/11/2023","87","87","89","86","4,41M","1,16%"
"07/11/2023","86","91","91","85","7,74M","-4,44%"
"06/11/2023","90","89","91","89","3,44M","1,12%"
"03/11/2023","89","90","91","88","8,61M","0,00%"
"02/11/2023","89","90","94","88","38,52M","0,00%"
"01/11/2023","89","88","90","87","4,15M","1,14%"
"31/10/2023","88","89","90","87","4,52M","0,00%"
"30/10/2023","88","93","96","87","9,61M","-1,12%"
"27/10/2023","89","92","93","89","7,73M","-3,26%"
"26/10/2023","92","86","92","85","33,34M","6,98%"
"25/10/2023","86","86","87","86","2,28M","0,00%"
"24/10/2023","86","86","87","85","1,81M","1,18%"
"23/10/2023","85","86","87","85","1,89M","-1,16%"
"20/10/2023","86","85","87","85","3,59M","1,18%"
"19/10/2023","85","86","86","84","3,32M","0,00%"
"18/10/2023","85","85","88","85","3,22M","0,00%"
"17/10/2023","85","88","88","85","4,49M","-1,16%"
"16/10/2023","86","86","92","85","33,28M","2,38%"
"13/10/2023","84","86","86","84","2,32M","-1,18%"
"12/10/2023","85","86","87","85","2,54M","0,00%"
"11/10/2023","85","87","87","85","1,43M","-2,30%"
"10/10/2023","87","87","87","84","3,03M","1,16%"
"09/10/2023","86","83","87","83","7,08M","3,61%"
"06/10/2023","83","74","85","74","2,07M","-1,19%"
"05/10/2023","84","86","87","83","2,54M","-1,18%"
"04/10/2023","85","86","87","85","2,08M","-1,16%"
"03/10/2023","86","87","88","86","1,51M","0,00%"
"02/10/2023","86","87","88","86","2,64M","0,00%"
"29/09/2023","86","86","88","86","2,70M","-1,15%"
"27/09/2023","87","86","88","86","848,30K","1,16%"
"26/09/2023","86","87","89","86","2,02M","-2,27%"
"25/09/2023","88","87","88","86","2,75M","2,33%"
"22/09/2023","86","87","87","86","900,40K","0,00%"
"21/09/2023","86","87","87","85","623,20K","-1,15%"
"20/09/2023","87","85","87","85","3,03M","2,35%"
"19/09/2023","85","85","86","84","1,25M","0,00%"
"18/09/2023","85","85","86","85","936,70K","0,00%"
"15/09/2023","85","86","87","85","2,35M","-1,16%"
"14/09/2023","86","85","87","85","705,00K","1,18%"
"13/09/2023","85","86","86","85","934,40K","-1,16%"
"12/09/2023","86","85","87","85","1,53M","0,00%"
"11/09/2023","86","85","86","84","1,53M","1,18%"
"08/09/2023","85","86","87","84","2,15M","0,00%"
"07/09/2023","85","86","87","85","1,16M","-1,16%"
"06/09/2023","86","87","87","85","1,24M","-1,15%"
"05/09/2023","87","87","87","85","2,05M","1,16%"
"04/09/2023","86","88","88","86","1,51M","-1,15%"
"01/09/2023","87","88","88","86","1,31M","-1,14%"
"31/08/2023","88","89","90","87","2,98M","-1,12%"
"30/08/2023","89","88","91","87","13,18M","2,30%"
"29/08/2023","87","87","90","85","19,28M","0,00%"
"28/08/2023","87","87","88","85","2,36M","0,00%"
"25/08/2023","87","88","92","86","18,45M","-1,14%"
"24/08/2023","88","85","88","85","1,99M","1,15%"
"23/08/2023","87","88","88","87","1,41M","-1,14%"
"22/08/2023","88","88","89","87","1,66M","0,00%"
"21/08/2023","88","90","90","85","10,05M","-1,12%"
"18/08/2023","89","90","91","89","2,00M","-1,11%"
"16/08/2023","90","90","90","88","1,89M","1,12%"
"15/08/2023","89","90","91","89","2,20M","0,00%"
"14/08/2023","89","91","91","89","2,19M","-1,11%"
"11/08/2023","90","89","90","89","2,30M","1,12%"
"10/08/2023","89","88","90","88","1,68M","1,14%"
"09/08/2023","88","89","90","87","5,38M","0,00%"
"08/08/2023","88","88","90","87","2,69M","1,15%"
"07/08/2023","87","88","90","87","3,15M","-1,14%"
"04/08/2023","88","89","90","87","2,48M","0,00%"
"03/08/2023","88","90","90","88","1,53M","-1,12%"
"02/08/2023","89","91","91","87","5,01M","-1,11%"
"01/08/2023","90","94","95","90","34,91M","-3,23%"
"31/07/2023","93","90","95","88","27,24M","4,49%"
"28/07/2023","89","90","91","88","2,00M","-1,11%"
"27/07/2023","90","91","93","89","3,06M","0,00%"
"26/07/2023","90","85","92","85","7,71M","2,27%"
"25/07/2023","88","92","93","86","10,73M","-4,35%"
"24/07/2023","92","93","94","91","3,12M","-1,08%"
"21/07/2023","93","93","94","92","4,68M","0,00%"
"20/07/2023","93","92","97","92","23,09M","0,00%"
"18/07/2023","93","89","95","87","44,23M","5,68%"
"17/07/2023","88","91","91","88","3,51M","-2,22%"
"14/07/2023","90","94","94","90","9,14M","-2,17%"
"13/07/2023","92","86","92","86","17,17M","8,24%"
"12/07/2023","85","86","87","85","3,18M","0,00%"
"11/07/2023","85","85","86","84","2,46M","1,19%"
"10/07/2023","84","84","85","84","2,20M","0,00%"
"07/07/2023","84","85","86","84","3,94M","-1,18%"
"06/07/2023","85","86","86","84","4,53M","0,00%"
"05/07/2023","85","85","86","84","1,85M","0,00%"
"04/07/2023","85","83","85","82","3,30M","2,41%"
"03/07/2023","83","83","84","83","2,33M","0,00%"
"27/06/2023","83","85","85","83","4,10M","-2,35%"
"26/06/2023","85","85","86","84","2,40M","0,00%"
"23/06/2023","85","85","89","84","16,97M","0,00%"
"22/06/2023","85","86","88","84","3,97M","0,00%"
"21/06/2023","85","85","90","84","22,45M","0,00%"
"20/06/2023","85","86","86","84","2,13M","0,00%"
"19/06/2023","85","87","88","84","7,46M","-2,30%"
"16/06/2023","87","84","89","83","13,94M","3,57%"
"15/06/2023","84","85","86","84","2,72M","-1,18%"
"14/06/2023","85","84","86","82","3,31M","1,19%"
"13/06/2023","84","86","87","84","2,38M","-1,18%"
"12/06/2023","85","87","89","84","15,38M","-1,16%"
"09/06/2023","86","88","88","85","9,88M","-1,15%"
"08/06/2023","87","88","88","85","2,26M","0,00%"
"07/06/2023","87","87","87","85","1,84M","0,00%"
"06/06/2023","87","85","87","84","2,16M","3,57%"
"05/06/2023","84","87","88","81","8,50M","-3,45%"
"31/05/2023","87","90","90","86","3,88M","-2,25%"
"30/05/2023","89","93","95","89","15,02M","-3,26%"
"29/05/2023","92","88","93","86","14,46M","3,37%"
"26/05/2023","89","90","91","88","2,85M","-1,11%"
"25/05/2023","90","91","91","89","1,90M","0,00%"
"24/05/2023","90","89","94","88","15,50M","1,12%"
"23/05/2023","89","91","93","88","2,70M","0,00%"
"22/05/2023","89","89","91","89","2,83M","0,00%"
"19/05/2023","89","94","95","89","8,83M","-4,30%"
"17/05/2023","93","95","95","92","4,74M","-2,11%"
"16/05/2023","95","96","97","95","3,51M","-1,04%"
"15/05/2023","96","96","98","95","3,82M","0,00%"
"12/05/2023","96","98","98","96","4,30M","-2,04%"
"11/05/2023","98","100","100","96","7,45M","-2,00%"
"10/05/2023","100","100","104","98","16,98M","1,01%"
"09/05/2023","99","100","100","98","3,93M","0,00%"
"08/05/2023","99","100","101","97","11,10M","-1,00%"
"05/05/2023","100","103","104","99","9,77M","-1,96%"
"04/05/2023","102","106","107","101","29,27M","-0,97%"
"03/05/2023","103","98","104","98","43,46M","6,19%"
"02/05/2023","97","99","100","96","6,90M","-2,02%"
"28/04/2023","99","102","104","99","10,55M","-1,98%"
"27/04/2023","101","100","104","98","15,89M","2,02%"
"26/04/2023","99","98","99","96","7,44M","2,06%"
"18/04/2023","97","103","104","97","18,67M","-5,83%"
"17/04/2023","103","105","106","101","13,51M","-2,83%"
"14/04/2023","106","107","113","105","89,61M","0,95%"
"13/04/2023","105","105","107","102","9,01M","0,00%"
"12/04/2023","105","108","112","104","35,15M","-2,78%"
"11/04/2023","108","104","109","102","27,32M","4,85%"
"10/04/2023","103","102","106","100","22,18M","0,00%"
"06/04/2023","103","110","110","102","45,35M","-5,50%"
"05/04/2023","109","98","118","98","212,94M","13,54%"
"04/04/2023","96","98","99","96","5,81M","-1,03%"
"03/04/2023","97","99","100","97","3,75M","-2,02%"
"31/03/2023","99","100","106","98","22,35M","0,00%"
"30/03/2023","99","99","101","97","5,31M","0,00%"
"29/03/2023","99","99","100","97","7,01M","1,02%"
"28/03/2023","98","97","103","94","30,86M","2,08%"
"27/03/2023","96","101","102","96","11,59M","-4,95%"
"24/03/2023","101","104","106","99","15,47M","-0,98%"
"21/03/2023","102","105","107","101","18,15M","-3,77%"
"20/03/2023","106","95","106","95","49,02M","13,98%"
"17/03/2023","93","91","95","90","3,46M","2,20%"
"16/03/2023","91","95","96","91","5,02M","-3,19%"
"15/03/2023","94","96","98","93","5,65M","-1,05%"
"14/03/2023","95","99","103","95","17,23M","-3,06%"
"13/03/2023","98","98","104","95","43,41M","1,03%"
"10/03/2023","97","99","99","96","2,81M","-2,02%"
"09/03/2023","99","97","101","97","3,23M","2,06%"
"08/03/2023","97","99","99","97","5,65M","-2,02%"
"07/03/2023","99","104","105","98","25,85M","-5,71%"
"06/03/2023","105","106","106","103","5,25M","0,00%"
"03/03/2023","105","107","107","104","3,86M","-0,94%"
"02/03/2023","106","105","107","105","4,78M","0,95%"
"01/03/2023","105","105","107","104","4,70M","0,00%"
"28/02/2023","105","108","108","104","10,91M","-2,78%"
"27/02/2023","108","106","111","106","26,93M","1,89%"
"24/02/2023","106","106","108","105","6,87M","0,95%"
"23/02/2023","105","108","111","104","25,80M","-2,78%"
"22/02/2023","108","108","109","105","7,48M","0,00%"
"21/02/2023","108","110","112","107","15,16M","-0,92%"
"20/02/2023","109","106","110","106","13,53M","0,93%"
"17/02/2023","108","114","115","107","36,32M","-5,26%"
"16/02/2023","114","122","124","113","49,77M","-5,79%"
"15/02/2023","121","120","122","119","9,78M","0,83%"
"14/02/2023","120","122","123","119","11,41M","-1,64%"
"13/02/2023","122","121","126","119","51,74M","1,67%"
"10/02/2023","120","122","122","118","12,09M","-1,64%"
"09/02/2023","122","126","126","121","17,19M","-1,61%"
"08/02/2023","124","127","129","124","18,85M","-2,36%"
"07/02/2023","127","125","132","122","59,90M","3,25%"
"06/02/2023","123","125","127","118","21,22M","-1,60%"
"03/02/2023","125","132","132","123","31,87M","-5,30%"
"02/02/2023","132","128","135","127","52,12M","4,76%"
"01/02/2023","126","125","129","125","19,98M","1,61%"
"31/01/2023","124","123","129","122","24,84M","1,64%"
"30/01/2023","122","127","129","120","29,50M","-3,17%"
"27/01/2023","126","124","129","122","18,53M","1,61%"
"26/01/2023","124","133","140","123","57,24M","-6,06%"
"25/01/2023","132","141","143","132","42,43M","-6,38%"
"24/01/2023","141","138","145","130","61,55M","2,17%"
"20/01/2023","138","150","151","138","77,13M","-6,76%"
"19/01/2023","148","147","153","141","116,10M","2,07%"
"18/01/2023","145","140","147","136","58,06M","3,57%"
"17/01/2023","140","143","151","136","151,35M","-2,10%"
"16/01/2023","143","125","158","125","499,26M","15,32%"
"13/01/2023","124","119","125","119","20,67M","4,20%"
"12/01/2023","119","126","128","119","29,94M","-5,56%"
"11/01/2023","126","118","131","117","90,88M","7,69%"
"10/01/2023","117","118","119","114","5,61M","0,00%"
"09/01/2023","117","113","118","113","11,55M","4,46%"
"06/01/2023","112","112","114","111","1,95M","0,00%"
"05/01/2023","112","114","115","110","5,85M","-2,61%"
"04/01/2023","115","114","116","111","5,83M","0,88%"
"03/01/2023","114","108","115","108","14,54M","5,56%"
"02/01/2023","108","108","110","106","2,60M","0,93%"
"30/12/2022","107","106","109","106","866,00K","0,94%"
"29/12/2022","106","106","107","105","513,00K","0,00%"
"28/12/2022","106","107","108","105","500,20K","-0,93%"
"27/12/2022","107","106","107","105","887,90K","0,94%"
"26/12/2022","106","106","108","105","454,00K","0,00%"
"23/12/2022","106","107","107","104","871,10K","-0,93%"
"22/12/2022","107","106","108","106","332,20K","0,94%"
"21/12/2022","106","105","108","105","349,30K","0,95%"
"20/12/2022","105","108","108","104","1,96M","-2,78%"
"19/12/2022","108","110","110","108","724,40K","-1,82%"
"16/12/2022","110","103","111","103","443,40K","0,00%"
"15/12/2022","110","111","111","109","888,00K","0,00%"
"14/12/2022","110","112","113","109","1,97M","-1,79%"
"13/12/2022","112","112","112","110","2,02M","0,00%"
"12/12/2022","112","111","112","111","642,50K","0,90%"
"09/12/2022","111","113","113","109","814,80K","-0,89%"
"08/12/2022","112","111","116","109","5,44M","0,90%"
"07/12/2022","111","112","112","110","2,79M","-0,89%"
"06/12/2022","112","113","114","112","1,12M","-0,88%"
"05/12/2022","113","115","115","112","1,10M","-1,74%"
"02/12/2022","115","114","116","113","2,60M","0,88%"
"01/12/2022","114","112","114","112","920,30K","1,79%"
"30/11/2022","112","113","115","112","3,93M","-0,88%"
"29/11/2022","113","114","114","112","2,08M","-0,88%"
"28/11/2022","114","117","117","112","2,83M","-1,72%"
"25/11/2022","116","116","116","114","571,00K","0,00%"
"24/11/2022","116","115","116","114","879,40K","0,87%"
"23/11/2022","115","115","116","114","1,35M","0,88%"
"22/11/2022","114","116","117","114","1,52M","-0,87%"
"21/11/2022","115","118","118","115","791,80K","-1,71%"
"18/11/2022","117","116","119","115","2,55M","0,86%"
"17/11/2022","116","117","117","115","355,80K","-0,85%"
"16/11/2022","117","114","117","114","1,27M","2,63%"
"15/11/2022","114","116","117","114","1,08M","-1,72%"
"14/11/2022","116","118","118","116","811,80K","0,00%"
"11/11/2022","116","115","117","114","1,95M","1,75%"
"10/11/2022","114","117","118","114","1,76M","-2,56%"
"09/11/2022","117","116","121","116","2,98M","0,86%"
"08/11/2022","116","116","118","115","1,12M","0,00%"
"07/11/2022","116","114","117","114","958,70K","1,75%"
"04/11/2022","114","113","116","113","1,34M","-0,87%"
"03/11/2022","115","114","116","114","356,50K","0,88%"
"02/11/2022","114","116","116","113","1,08M","0,88%"
"01/11/2022","113","118","119","112","2,42M","-3,42%"
"31/10/2022","117","116","117","116","574,30K","0,86%"
"28/10/2022","116","116","119","116","836,30K","0,00%"
"27/10/2022","116","118","119","116","1,80M","-1,69%"
"26/10/2022","118","115","121","114","8,30M","2,61%"
"25/10/2022","115","115","115","113","806,60K","0,00%"
"24/10/2022","115","112","116","110","1,65M","1,77%"
"21/10/2022","113","114","114","112","975,90K","-0,88%"
"20/10/2022","114","113","115","112","1,24M","0,88%"
"19/10/2022","113","113","117","109","9,26M","0,89%"
"18/10/2022","112","112","114","112","1,42M","0,90%"
"17/10/2022","111","117","117","110","6,67M","-5,13%"
"14/10/2022","117","117","118","116","2,68M","0,00%"
"13/10/2022","117","122","122","117","1,36M","0,00%"
"12/10/2022","117","119","120","117","1,28M","-1,68%"
"11/10/2022","119","119","120","118","535,40K","0,00%"
"10/10/2022","119","120","122","119","1,06M","-0,83%"
"07/10/2022","120","119","121","119","2,93M","0,84%"
"06/10/2022","119","122","122","119","1,01M","-1,65%"
"05/10/2022","121","120","122","120","1,58M","1,68%"
"04/10/2022","119","119","121","118","2,08M","0,85%"
"03/10/2022","118","118","119","117","1,02M","0,85%"
"30/09/2022","117","118","118","116","3,52M","-0,85%"
"29/09/2022","118","118","119","117","1,47M","0,85%"
"28/09/2022","117","119","119","117","3,27M","-1,68%"
"27/09/2022","119","119","120","117","2,69M","0,00%"
"26/09/2022","119","121","122","118","1,61M","-1,65%"
"23/09/2022","121","123","123","121","2,53M","-0,82%"
"22/09/2022","122","119","125","117","8,44M","2,52%"
"21/09/2022","119","121","121","118","4,10M","-0,83%"
"20/09/2022","120","123","124","119","7,97M","-1,64%"
"19/09/2022","122","125","126","122","1,74M","-2,40%"
"16/09/2022","125","124","125","122","3,44M","0,81%"
"15/09/2022","124","126","127","124","4,78M","-1,59%"
"14/09/2022","126","129","132","126","6,97M","-3,08%"
"13/09/2022","130","126","135","126","43,93M","3,17%"
"12/09/2022","126","124","130","123","18,29M","1,61%"
"09/09/2022","124","122","125","121","3,71M","1,64%"
"08/09/2022","122","122","123","120","7,22M","0,83%"
"07/09/2022","121","122","122","120","3,21M","-0,82%"
"06/09/2022","122","122","123","121","2,57M","0,00%"
"05/09/2022","122","120","123","120","3,99M","0,83%"
"02/09/2022","121","121","122","120","2,85M","0,00%"
"01/09/2022","121","123","123","119","5,83M","-1,63%"
"31/08/2022","123","123","123","121","707,80K","0,00%"
"30/08/2022","123","125","125","122","1,12M","0,00%"
"29/08/2022","123","121","123","120","4,21M","1,65%"
"26/08/2022","121","123","124","121","1,74M","-1,63%"
"25/08/2022","123","124","124","120","2,66M","0,82%"
"24/08/2022","122","122","124","122","636,80K","0,00%"
"23/08/2022","122","122","123","120","2,69M","0,00%"
"22/08/2022","122","124","124","121","1,52M","-0,81%"
"19/08/2022","123","123","126","123","1,36M","0,00%"
"18/08/2022","123","123","124","123","1,20M","0,00%"
"16/08/2022","123","125","126","123","2,08M","-0,81%"
"15/08/2022","124","128","128","124","3,20M","-3,13%"
"12/08/2022","128","128","129","124","5,18M","0,00%"
"11/08/2022","128","126","132","126","10,34M","1,59%"
"10/08/2022","126","130","130","125","3,48M","-2,33%"
"09/08/2022","129","126","130","124","9,72M","2,38%"
"08/08/2022","126","124","128","124","4,65M","0,80%"
"05/08/2022","125","125","128","125","3,51M","0,00%"
"04/08/2022","125","121","128","121","5,51M","2,46%"
"03/08/2022","122","122","124","121","2,60M","0,00%"
"02/08/2022","122","130","132","121","14,26M","-6,15%"
"01/08/2022","130","131","134","127","6,00M","0,78%"
"29/07/2022","129","124","133","124","21,51M","4,03%"
"28/07/2022","124","121","124","120","5,42M","3,33%"
"27/07/2022","120","120","121","120","1,27M","0,00%"
"26/07/2022","120","121","121","120","1,23M","-0,83%"
"25/07/2022","121","122","123","119","3,66M","-0,82%"
"22/07/2022","122","121","124","120","4,68M","0,83%"
"21/07/2022","121","119","122","119","4,34M","1,68%"
"20/07/2022","119","119","121","119","2,31M","0,00%"
"19/07/2022","119","119","121","118","1,69M","0,85%"
"18/07/2022","118","119","119","117","557,60K","-0,84%"
"15/07/2022","119","119","120","119","644,00K","0,00%"
"14/07/2022","119","119","120","118","449,30K","0,85%"
"13/07/2022","118","119","120","118","682,80K","-0,84%"
"12/07/2022","119","119","121","119","1,21M","0,00%"
"11/07/2022","119","118","120","118","744,20K","0,85%"
"08/07/2022","118","119","122","117","3,08M","-0,84%"
"07/07/2022","119","118","120","117","1,17M","0,85%"
"06/07/2022","118","116","119","116","1,59M","1,72%"
"05/07/2022","116","117","119","115","3,90M","0,00%"
"04/07/2022","116","116","118","115","4,37M","0,00%"
"01/07/2022","116","119","119","116","3,85M","-2,52%"
"30/06/2022","119","120","121","119","2,09M","-0,83%"
"29/06/2022","120","121","121","119","1,10M","-0,83%"
"28/06/2022","121","120","121","119","2,56M","0,83%"
"27/06/2022","120","123","123","120","4,31M","0,00%"
"24/06/2022","120","120","124","119","2,81M","0,00%"
"23/06/2022","120","121","121","119","2,07M","0,00%"
"22/06/2022","120","123","124","119","5,53M","-1,64%"
"21/06/2022","122","120","128","120","14,76M","1,67%"
"20/06/2022","120","119","121","119","2,24M","0,84%"
"17/06/2022","119","119","122","119","4,94M","0,00%"
"16/06/2022","119","119","121","119","2,04M","0,00%"
"15/06/2022","119","121","121","119","3,97M","-1,65%"
"14/06/2022","121","120","124","119","5,31M","0,83%"
"13/06/2022","120","124","125","119","4,92M","-2,44%"
"10/06/2022","123","125","125","123","3,32M","-0,81%"
"09/06/2022","124","125","125","124","942,30K","0,00%"
"08/06/2022","124","125","126","122","4,11M","-0,80%"
"07/06/2022","125","125","126","122","2,90M","0,00%"
"06/06/2022","125","124","126","123","3,34M","1,63%"
"03/06/2022","123","123","127","122","4,90M","0,82%"
"02/06/2022","122","121","126","120","7,31M","1,67%"
"31/05/2022","120","121","121","119","1,62M","-0,83%"
"30/05/2022","121","120","122","120","1,07M","0,83%"
"27/05/2022","120","121","122","119","2,11M","0,00%"
"25/05/2022","120","121","123","119","2,55M","-0,83%"
"24/05/2022","121","119","125","119","8,04M","1,68%"
"23/05/2022","119","119","122","118","1,73M","0,00%"
"20/05/2022","119","121","122","119","2,69M","0,00%"
"19/05/2022","119","120","121","117","2,19M","0,00%"
"18/05/2022","119","119","125","119","9,56M","0,85%"
"17/05/2022","118","117","120","117","2,19M","0,85%"
"13/05/2022","117","120","122","115","12,78M","-2,50%"
"12/05/2022","120","124","124","120","3,60M","-2,44%"
"11/05/2022","123","120","125","120","2,92M","2,50%"
"10/05/2022","120","126","127","119","18,11M","-5,51%"
"09/05/2022","127","129","130","126","7,02M","-0,78%"
"28/04/2022","128","130","131","127","7,03M","-1,54%"
"27/04/2022","130","127","130","127","1,35M","2,36%"
"26/04/2022","127","127","128","126","2,66M","-0,78%"
"25/04/2022","128","128","129","126","3,34M","0,00%"
"22/04/2022","128","130","130","128","2,84M","-0,78%"
"21/04/2022","129","129","131","129","2,27M","0,00%"
"20/04/2022","129","129","131","128","4,61M","0,00%"
"19/04/2022","129","131","132","128","4,02M","-0,77%"
"18/04/2022","130","129","132","128","8,98M","1,56%"
"14/04/2022","128","126","133","126","11,41M","1,59%"
"13/04/2022","126","127","129","126","4,09M","-0,79%"
"12/04/2022","127","128","129","126","4,53M","-0,78%"
"11/04/2022","128","133","133","127","9,60M","-3,03%"
"08/04/2022","132","130","138","127","28,85M","3,13%"
"07/04/2022","128","127","131","126","5,78M","0,79%"
"06/04/2022","127","129","130","127","5,34M","-1,55%"
"05/04/2022","129","127","132","127","10,76M","1,57%"
"04/04/2022","127","128","129","125","5,11M","-0,78%"
"01/04/2022","128","126","131","126","7,86M","2,40%"
"31/03/2022","125","125","127","125","1,87M","-0,79%"
"30/03/2022","126","126","127","125","3,00M","0,00%"
"29/03/2022","126","127","127","125","3,30M","-0,79%"
"28/03/2022","127","128","129","126","4,36M","-0,78%"
"25/03/2022","128","132","135","128","4,08M","-0,78%"
"24/03/2022","129","128","134","127","15,27M","1,57%"
"23/03/2022","127","128","128","126","2,93M","-0,78%"
"22/03/2022","128","125","130","125","7,74M","2,40%"
"21/03/2022","125","126","129","124","4,59M","-0,79%"
"18/03/2022","126","130","132","126","6,42M","-3,08%"
"17/03/2022","130","126","130","125","8,82M","4,00%"
"16/03/2022","125","126","126","123","8,41M","-0,79%"
"15/03/2022","126","134","134","125","13,55M","-5,26%"
"14/03/2022","133","133","135","131","6,15M","0,76%"
"11/03/2022","132","134","136","130","12,79M","-0,75%"
"10/03/2022","133","139","143","133","30,84M","-6,99%"
"09/03/2022","143","158","158","143","57,62M","-6,54%"
"08/03/2022","153","154","157","147","55,29M","2,00%"
"07/03/2022","150","146","157","146","82,20M","3,45%"
"04/03/2022","145","141","151","141","66,07M","2,84%"
"02/03/2022","141","138","144","137","12,99M","2,92%"
"01/03/2022","137","146","147","137","27,81M","-6,16%"
"25/02/2022","146","157","158","146","54,06M","-6,41%"
"24/02/2022","156","148","156","143","111,54M","7,59%"
"23/02/2022","145","143","149","139","32,13M","1,40%"
"22/02/2022","143","138","149","136","66,04M","5,15%"
"21/02/2022","136","140","141","136","10,19M","-2,16%"
"18/02/2022","139","139","143","136","27,36M","1,46%"
"17/02/2022","137","131","137","130","18,22M","4,58%"
"16/02/2022","131","141","141","131","29,82M","-6,43%"
"15/02/2022","140","136","146","136","57,04M","2,94%"
"14/02/2022","136","130","139","128","55,17M","7,09%"
"11/02/2022","127","131","133","126","10,72M","-3,05%"
"10/02/2022","131","126","137","123","50,95M","6,50%"
"09/02/2022","123","125","126","123","3,64M","-1,60%"
"08/02/2022","125","123","126","123","4,68M","1,63%"
"07/02/2022","123","123","124","123","1,99M","0,00%"
"04/02/2022","123","123","124","123","2,47M","0,00%"
"03/02/2022","123","124","125","121","4,55M","-0,81%"
"02/02/2022","124","123","126","123","2,71M","0,81%"
"31/01/2022","123","125","125","123","2,41M","-1,60%"
"28/01/2022","125","125","125","122","1,45M","0,00%"
"27/01/2022","125","126","127","122","5,04M","-0,79%"
"26/01/2022","126","128","131","124","8,30M","-1,56%"
"25/01/2022","128","124","128","124","6,91M","1,59%"
"24/01/2022","126","123","127","123","2,26M","-0,79%"
"21/01/2022","127","122","128","122","2,63M","0,00%"
"20/01/2022","127","126","130","124","3,88M","2,42%"
"19/01/2022","124","127","127","124","3,79M","-2,36%"
"18/01/2022","127","129","129","125","4,76M","-1,55%"
"17/01/2022","129","131","132","127","5,97M","-1,53%"
"14/01/2022","131","129","131","128","2,73M","1,55%"
"13/01/2022","129","131","132","128","2,19M","0,00%"
"12/01/2022","129","128","136","128","14,26M","0,78%"
"11/01/2022","128","131","132","128","6,47M","-3,03%"
"10/01/2022","132","129","133","126","9,92M","2,33%"
"07/01/2022","129","134","135","127","20,50M","-3,73%"
"06/01/2022","134","138","139","131","13,56M","-2,90%"
"05/01/2022","138","144","144","137","15,46M","-4,17%"
"04/01/2022","144","153","156","144","28,95M","-6,49%"
"03/01/2022","154","145","164","145","98,37M","10,79%"
"30/12/2021","139","138","141","132","17,58M","0,72%"
"29/12/2021","138","143","144","137","4,61M","-2,13%"
"28/12/2021","141","141","144","140","3,17M","0,00%"
"27/12/2021","141","142","144","139","2,94M","0,00%"
"24/12/2021","141","140","145","140","6,84M","1,44%"
"23/12/2021","139","137","141","137","2,36M","2,96%"
"22/12/2021","135","140","143","135","5,49M","-3,57%"
"21/12/2021","140","142","143","140","4,32M","-0,71%"
"20/12/2021","141","149","150","141","10,23M","-4,73%"
"17/12/2021","148","143","151","139","35,03M","3,50%"
"16/12/2021","143","139","144","138","33,34M","4,38%"
"15/12/2021","137","131","137","131","7,05M","4,58%"
"14/12/2021","131","133","133","130","2,77M","-1,50%"
"13/12/2021","133","134","135","129","6,84M","-0,75%"
"10/12/2021","134","137","137","133","1,92M","0,00%"
"09/12/2021","134","138","138","133","3,80M","-2,19%"
"08/12/2021","137","136","139","130","17,67M","0,74%"
"07/12/2021","136","146","146","136","26,30M","-6,85%"
"06/12/2021","146","150","150","143","7,02M","-0,68%"
"03/12/2021","147","150","150","147","6,55M","-1,34%"
"02/12/2021","149","150","152","149","6,06M","-0,67%"
"01/12/2021","150","151","152","150","3,21M","-0,66%"
"30/11/2021","151","151","153","150","7,17M","0,00%"
"29/11/2021","151","162","163","149","29,78M","-5,03%"
"26/11/2021","159","154","160","150","24,85M","3,25%"
"25/11/2021","154","152","155","152","2,58M","1,32%"
"24/11/2021","152","153","154","152","2,71M","-0,65%"
"23/11/2021","153","153","155","152","3,29M","0,00%"
"22/11/2021","153","155","158","152","5,22M","-1,29%"
"19/11/2021","155","155","157","153","3,64M","0,65%"
"18/11/2021","154","154","155","152","3,98M","1,32%"
"17/11/2021","152","155","157","152","5,70M","-1,94%"
"16/11/2021","155","155","158","155","3,90M","0,00%"
"15/11/2021","155","158","158","155","5,14M","-0,64%"
"12/11/2021","156","161","164","156","13,33M","-1,27%"
"11/11/2021","158","160","160","157","3,99M","1,28%"
"10/11/2021","156","160","161","156","10,99M","-2,50%"
"09/11/2021","160","159","164","159","9,20M","1,27%"
"08/11/2021","158","158","160","157","3,82M","0,00%"
"05/11/2021","158","159","161","157","3,52M","-0,63%"
"04/11/2021","159","157","159","157","1,87M","1,27%"
"03/11/2021","157","156","158","154","3,76M","1,29%"
"02/11/2021","155","156","158","155","2,51M","-0,64%"
"01/11/2021","156","158","158","155","3,07M","-1,27%"
"29/10/2021","158","155","160","154","4,04M","1,94%"
"28/10/2021","155","158","159","155","6,34M","-1,90%"
"27/10/2021","158","160","162","158","7,34M","-1,25%"
"26/10/2021","160","163","163","159","5,89M","-0,62%"
"25/10/2021","161","165","167","161","9,43M","-2,42%"
"22/10/2021","165","167","168","164","7,16M","-1,20%"
"21/10/2021","167","167","169","165","10,06M","0,00%"
"19/10/2021","167","165","168","164","11,43M","1,83%"
"18/10/2021","164","164","167","164","13,04M","0,00%"
"15/10/2021","164","164","167","162","7,86M","0,00%"
"14/10/2021","164","166","169","162","14,90M","1,86%"
"13/10/2021","161","166","167","159","10,93M","-3,01%"
"12/10/2021","166","171","171","163","17,50M","-1,78%"
"11/10/2021","169","162","169","162","37,04M","4,32%"
"08/10/2021","162","160","165","158","14,88M","2,53%"
"07/10/2021","158","163","165","156","25,44M","-2,47%"
"06/10/2021","162","157","177","157","159,68M","4,52%"
"05/10/2021","155","157","159","153","19,02M","0,00%"
"04/10/2021","155","150","161","150","59,11M","3,33%"
"01/10/2021","150","150","152","147","26,45M","0,00%"
"30/09/2021","150","153","154","150","13,10M","-1,32%"
"29/09/2021","152","150","154","150","5,72M","0,00%"
"28/09/2021","152","156","156","151","9,74M","-1,94%"
"27/09/2021","155","153","156","152","16,62M","1,31%"
"24/09/2021","153","150","153","149","16,97M","2,00%"
"23/09/2021","150","150","153","149","16,05M","0,00%"
"22/09/2021","150","152","160","149","53,80M","-1,32%"
"21/09/2021","152","153","154","150","10,12M","-0,65%"
"20/09/2021","153","161","162","153","20,50M","-4,38%"
"17/09/2021","160","153","173","149","140,88M","5,96%"
"16/09/2021","151","152","154","150","5,12M","-0,66%"
"15/09/2021","152","151","154","149","9,79M","0,66%"
"14/09/2021","151","155","156","151","7,11M","-1,95%"
"13/09/2021","154","155","157","151","11,12M","-0,65%"
"10/09/2021","155","150","158","150","9,25M","3,33%"
"09/09/2021","150","153","153","149","9,01M","-1,96%"
"08/09/2021","153","155","155","149","32,21M","-1,29%"
"07/09/2021","155","158","159","154","12,22M","-1,90%"
"06/09/2021","158","160","162","156","24,81M","-2,47%"
"03/09/2021","162","160","163","160","3,72M","1,25%"
"02/09/2021","160","160","164","160","5,08M","0,00%"
"01/09/2021","160","161","162","160","2,75M","-0,62%"
"31/08/2021","161","162","163","160","3,54M","-0,62%"
"30/08/2021","162","164","164","161","4,25M","0,00%"
"27/08/2021","162","159","164","158","6,53M","1,25%"
"26/08/2021","160","160","162","159","2,60M","0,00%"
"25/08/2021","160","162","163","160","4,78M","-1,23%"
"24/08/2021","162","164","168","161","6,89M","-0,61%"
"23/08/2021","163","161","165","159","6,42M","1,24%"
"20/08/2021","161","163","164","159","6,34M","-1,23%"
"19/08/2021","163","164","166","160","7,08M","-0,61%"
"18/08/2021","164","165","166","162","7,38M","-0,61%"
"16/08/2021","165","168","169","164","5,80M","-1,20%"
"13/08/2021","167","171","174","166","6,94M","-2,34%"
"12/08/2021","171","167","173","165","17,45M","4,27%"
"10/08/2021","164","162","164","158","9,20M","0,61%"
"09/08/2021","163","171","171","162","24,01M","-4,68%"
"06/08/2021","171","176","177","170","24,15M","-2,84%"
"05/08/2021","176","179","179","175","20,74M","-1,12%"
"04/08/2021","178","179","180","177","5,52M","-0,56%"
"03/08/2021","179","177","179","177","6,18M","1,13%"
"02/08/2021","177","178","180","177","8,14M","0,00%"
"30/07/2021","177","179","180","176","8,53M","-0,56%"
"29/07/2021","178","177","179","176","6,32M","1,14%"
"28/07/2021","176","177","179","175","8,95M","-0,56%"
"27/07/2021","177","177","180","177","4,84M","-0,56%"
"26/07/2021","178","178","180","178","5,47M","-0,56%"
"23/07/2021","179","181","183","178","6,50M","-1,10%"
"22/07/2021","181","178","184","177","14,74M","1,69%"
"21/07/2021","178","177","179","176","3,12M","0,56%"
"19/07/2021","177","177","178","176","5,00M","0,00%"
"16/07/2021","177","180","181","177","6,04M","-1,12%"
"15/07/2021","179","177","180","177","5,78M","1,70%"
"14/07/2021","176","178","178","176","5,67M","-1,12%"
"13/07/2021","178","178","181","177","6,55M","0,00%"
"12/07/2021","178","179","181","177","3,32M","-0,56%"
"09/07/2021","179","181","181","178","5,02M","-1,10%"
"08/07/2021","181","182","183","180","5,12M","-0,55%"
"07/07/2021","182","187","188","181","9,03M","-2,15%"
"06/07/2021","186","179","187","179","21,74M","3,91%"
"05/07/2021","179","177","179","176","4,49M","1,70%"
"02/07/2021","176","178","178","175","5,18M","-0,56%"
"01/07/2021","177","178","180","175","4,03M","-0,56%"
"30/06/2021","178","176","179","175","7,78M","1,14%"
"29/06/2021","176","177","179","176","8,40M","-0,56%"
"28/06/2021","177","182","183","177","12,35M","-2,75%"
"25/06/2021","182","181","184","181","3,88M","0,55%"
"24/06/2021","181","183","184","181","3,81M","-0,55%"
"23/06/2021","182","184","186","182","6,75M","-1,09%"
"22/06/2021","184","182","187","182","10,27M","1,10%"
"21/06/2021","182","183","185","180","11,82M","-1,62%"
"18/06/2021","185","192","194","183","35,21M","-3,65%"
"17/06/2021","192","191","195","191","13,98M","0,00%"
"16/06/2021","192","194","195","192","13,64M","-0,52%"
"15/06/2021","193","194","199","192","34,49M","-0,52%"
"14/06/2021","194","196","198","193","12,51M","-1,02%"
"11/06/2021","196","194","196","193","12,59M","1,03%"
"10/06/2021","194","195","196","193","11,35M","-0,51%"
"09/06/2021","195","196","197","193","10,82M","0,52%"
"08/06/2021","194","198","198","194","18,87M","-1,52%"
"07/06/2021","197","196","199","196","6,10M","0,51%"
"04/06/2021","196","197","197","195","12,01M","-1,01%"
"03/06/2021","198","200","202","198","13,33M","-0,50%"
"02/06/2021","199","199","200","197","12,28M","1,02%"
"31/05/2021","197","198","199","196","14,03M","1,03%"
"28/05/2021","195","196","198","195","10,73M","0,00%"
"27/05/2021","195","196","197","194","14,19M","1,04%"
"25/05/2021","193","194","195","192","14,72M","0,00%"
"24/05/2021","193","195","197","193","11,34M","-0,52%"
"21/05/2021","194","197","199","194","20,03M","-1,52%"
"20/05/2021","197","198","200","196","21,09M","-1,01%"
"19/05/2021","199","204","206","195","65,86M","-2,45%"
"18/05/2021","204","204","208","202","36,48M","0,99%"
"17/05/2021","202","204","208","200","38,05M","0,00%"
"11/05/2021","202","212","216","202","53,52M","-3,81%"
"10/05/2021","210","204","216","202","159,79M","3,96%"
"07/05/2021","202","202","206","202","26,03M","1,00%"
"06/05/2021","200","200","204","200","10,11M","0,00%"
"05/05/2021","200","204","204","200","15,57M","-0,99%"
"04/05/2021","202","202","206","202","25,40M","1,00%"
"03/05/2021","200","200","204","200","12,59M","0,00%"
"30/04/2021","200","204","206","200","14,68M","-1,96%"
"29/04/2021","204","202","208","202","32,15M","2,00%"
"28/04/2021","200","206","206","200","15,93M","-1,96%"
"27/04/2021","204","200","210","197","67,39M","2,51%"
"26/04/2021","199","199","202","198","18,88M","0,00%"
"23/04/2021","199","202","206","199","20,47M","-1,49%"
"22/04/2021","202","206","210","202","35,38M","-0,98%"
"21/04/2021","204","200","212","197","69,13M","2,51%"
"20/04/2021","199","204","206","198","45,75M","-3,40%"
"19/04/2021","206","216","220","202","77,34M","-4,63%"
"16/04/2021","216","199","220","198","181,87M","9,64%"
"15/04/2021","197","198","199","195","8,87M","0,00%"
"14/04/2021","197","192","197","192","15,76M","2,60%"
"13/04/2021","192","195","196","192","18,62M","-1,54%"
"12/04/2021","195","200","200","194","23,26M","-2,01%"
"09/04/2021","199","199","204","198","22,14M","0,00%"
"08/04/2021","199","200","202","197","22,20M","0,00%"
"07/04/2021","199","202","204","198","10,30M","-0,50%"
"06/04/2021","200","199","206","197","30,32M","1,52%"
"05/04/2021","197","200","202","196","14,57M","-1,01%"
"01/04/2021","199","197","202","196","22,69M","2,05%"
"31/03/2021","195","195","198","192","19,98M","0,00%"
"30/03/2021","195","198","200","195","16,55M","-1,52%"
"29/03/2021","198","200","202","197","17,47M","0,00%"
"26/03/2021","198","200","206","194","38,14M","0,00%"
"25/03/2021","198","199","202","194","26,11M","0,00%"
"24/03/2021","198","200","204","197","36,07M","-1,00%"
"23/03/2021","200","208","210","200","59,05M","-2,91%"
"22/03/2021","206","204","212","204","27,01M","0,98%"
"19/03/2021","204","208","210","202","54,12M","-2,86%"
"18/03/2021","210","214","214","208","54,02M","0,00%"
"17/03/2021","210","206","214","200","51,58M","0,00%"
"16/03/2021","210","228","228","210","130,77M","-6,25%"
"15/03/2021","224","218","234","214","179,23M","3,70%"
"12/03/2021","216","212","222","212","36,20M","1,89%"
"10/03/2021","212","218","222","210","55,82M","-1,85%"
"09/03/2021","216","230","234","214","80,87M","-6,09%"
"08/03/2021","230","232","238","222","21,44M","0,00%"
"05/03/2021","230","234","236","228","20,24M","-2,54%"
"04/03/2021","236","238","248","232","32,03M","-0,84%"
"03/03/2021","238","236","252","228","103,71M","0,85%"
"02/03/2021","236","248","252","236","103,77M","-6,35%"
"01/03/2021","252","232","256","224","141,52M","10,53%"
"26/02/2021","228","234","238","224","39,38M","-4,20%"
"25/02/2021","238","238","242","232","39,57M","0,00%"
"24/02/2021","238","244","248","232","43,00M","-2,46%"
"23/02/2021","244","252","256","242","89,01M","-0,81%"
"22/02/2021","246","240","250","228","144,24M","4,24%"
"19/02/2021","236","208","264","208","733,88M","11,32%"
"18/02/2021","212","208","218","206","21,39M","1,92%"
"17/02/2021","208","216","218","206","16,21M","-3,70%"
"16/02/2021","216","214","218","212","9,19M","0,93%"
"15/02/2021","214","224","226","212","35,21M","-3,60%"
"11/02/2021","222","212","230","208","129,80M","5,71%"
"10/02/2021","210","210","216","204","35,69M","0,00%"
"09/02/2021","210","212","220","206","59,95M","0,00%"
"08/02/2021","210","190","212","190","117,10M","2,94%"
"05/02/2021","204","204","204","204","15,59M","-6,42%"
"04/02/2021","218","236","238","218","58,80M","-6,84%"
"03/02/2021","234","222","240","216","63,87M","5,41%"
"02/02/2021","222","230","230","212","59,60M","-0,89%"
"01/02/2021","224","204","228","197","108,43M","9,80%"
"29/01/2021","204","192","210","185","77,36M","6,25%"
"28/01/2021","192","198","204","190","43,09M","-4,00%"
"27/01/2021","200","204","210","195","30,72M","-1,96%"
"26/01/2021","204","212","218","200","28,36M","-3,77%"
"25/01/2021","212","214","222","210","30,38M","-4,50%"
"22/01/2021","222","232","232","216","30,94M","-3,48%"
"21/01/2021","230","234","236","228","27,78M","0,88%"
"20/01/2021","228","226","234","224","31,68M","0,88%"
"19/01/2021","226","234","236","224","34,90M","-3,42%"
"18/01/2021","234","240","240","230","23,62M","-2,50%"
"15/01/2021","240","238","246","234","42,69M","1,69%"
"14/01/2021","236","246","250","236","33,74M","-4,07%"
"13/01/2021","246","246","256","242","56,07M","0,82%"
"12/01/2021","244","240","246","236","42,51M","2,52%"
"11/01/2021","238","236","246","232","56,59M","-1,65%"
"08/01/2021","242","252","256","240","79,17M","-3,97%"
"07/01/2021","252","252","260","242","69,93M","0,00%"
"06/01/2021","252","268","268","246","103,68M","-4,55%"
"05/01/2021","264","270","280","260","179,10M","-2,22%"
"04/01/2021","270","278","284","266","150,85M","2,27%"
"30/12/2020","264","278","286","262","85,50M","-4,35%"
"29/12/2020","276","296","308","274","204,68M","-5,48%"
"28/12/2020","292","264","302","252","369,92M","13,18%"
"23/12/2020","258","278","282","254","117,23M","-5,15%"
"22/12/2020","272","292","292","272","252,11M","-6,85%"
"21/12/2020","292","260","296","254","363,05M","16,80%"
"18/12/2020","250","252","268","248","114,68M","1,63%"
"17/12/2020","246","232","260","230","256,39M","6,96%"
"16/12/2020","230","228","234","224","36,84M","1,77%"
"15/12/2020","226","226","226","214","22,51M","0,89%"
"14/12/2020","224","222","234","220","36,08M","1,82%"
"11/12/2020","220","220","224","218","11,27M","0,00%"
"10/12/2020","220","230","230","214","34,25M","-3,51%"
"08/12/2020","228","236","244","228","56,10M","-2,56%"
"07/12/2020","234","236","252","224","159,42M","1,74%"
"04/12/2020","230","224","230","220","85,28M","4,55%"
"03/12/2020","220","216","228","216","69,73M","2,80%"
"02/12/2020","214","214","218","212","26,09M","1,90%"
"01/12/2020","210","208","214","204","15,61M","1,94%"
"30/11/2020","206","208","218","204","42,02M","-5,50%"
"27/11/2020","218","216","220","212","46,91M","1,87%"
"26/11/2020","214","210","214","208","15,91M","1,90%"
"25/11/2020","210","212","214","208","19,26M","0,00%"
"24/11/2020","210","202","218","202","33,55M","-2,78%"
"23/11/2020","216","212","216","210","19,88M","2,86%"
"20/11/2020","210","210","214","210","9,33M","0,00%"
"19/11/2020","210","216","216","210","29,73M","-2,78%"
"18/11/2020","216","216","220","214","14,65M","0,00%"
"17/11/2020","216","212","220","212","23,40M","1,89%"
"16/11/2020","212","216","218","212","13,25M","0,00%"
"13/11/2020","212","212","214","210","7,64M","0,95%"
"12/11/2020","210","210","214","210","13,29M","-0,94%"
"11/11/2020","212","214","216","210","27,27M","0,00%"
"10/11/2020","212","220","220","210","77,43M","-5,36%"
"09/11/2020","224","228","230","222","27,47M","0,00%"
"06/11/2020","224","220","236","220","152,44M","2,75%"
"05/11/2020","218","206","218","206","44,25M","5,83%"
"04/11/2020","206","206","212","204","21,27M","0,98%"
"03/11/2020","204","208","212","204","15,23M","-0,97%"
"02/11/2020","206","210","210","202","13,30M","-1,90%"
"27/10/2020","210","216","218","208","18,85M","-1,87%"
"26/10/2020","214","220","220","214","8,72M","-0,93%"
"23/10/2020","216","216","220","212","17,97M","0,93%"
"22/10/2020","214","218","222","212","13,51M","-1,83%"
"21/10/2020","218","216","220","214","15,11M","1,87%"
"20/10/2020","214","218","220","212","11,07M","-1,83%"
"19/10/2020","218","220","222","214","12,39M","0,00%"
"16/10/2020","218","222","224","218","13,11M","-1,80%"
"15/10/2020","222","224","230","222","38,98M","-0,89%"
"14/10/2020","224","224","226","214","23,35M","0,00%"
"13/10/2020","224","228","228","220","17,58M","-1,75%"
"12/10/2020","228","230","236","226","50,32M","1,79%"
"09/10/2020","224","224","228","220","42,23M","1,82%"
"08/10/2020","220","214","224","214","33,03M","0,92%"
"07/10/2020","218","216","224","208","41,11M","0,00%"
"06/10/2020","218","220","222","216","18,41M","0,93%"
"05/10/2020","216","224","230","214","49,48M","-5,26%"
"02/10/2020","228","210","232","204","122,71M","9,62%"
"01/10/2020","208","206","210","204","9,70M","0,97%"
"30/09/2020","206","202","214","200","46,59M","4,57%"
"29/09/2020","197","208","208","195","19,68M","-1,01%"
"28/09/2020","199","192","208","187","40,63M","4,19%"
"25/09/2020","191","184","192","184","19,69M","3,80%"
"24/09/2020","184","191","194","183","19,40M","-5,15%"
"23/09/2020","194","190","206","190","21,08M","-3,00%"
"22/09/2020","200","212","212","200","47,85M","-6,54%"
"21/09/2020","214","228","232","214","25,80M","-6,14%"
"18/09/2020","228","220","236","218","46,86M","4,59%"
"17/09/2020","218","216","222","212","15,58M","0,93%"
"16/09/2020","216","222","222","214","12,82M","-2,70%"
"15/09/2020","222","220","228","220","31,52M","1,83%"
"14/09/2020","218","210","224","206","32,42M","5,83%"
"11/09/2020","206","196","210","194","51,25M","-0,96%"
"10/09/2020","208","224","226","208","21,14M","-6,31%"
"09/09/2020","222","232","234","216","28,11M","-3,48%"
"08/09/2020","230","234","236","228","18,26M","-1,71%"
"07/09/2020","234","236","238","232","13,76M","-0,85%"
"04/09/2020","236","242","242","230","31,18M","-2,48%"
"03/09/2020","242","250","250","240","29,78M","-3,20%"
"02/09/2020","250","256","256","248","42,38M","-3,10%"
"01/09/2020","258","248","258","242","77,11M","4,03%"
"31/08/2020","248","260","262","244","58,98M","-1,59%"
"28/08/2020","252","250","256","236","51,20M","0,80%"
"27/08/2020","250","254","258","248","35,55M","0,00%"
"26/08/2020","250","244","258","244","44,51M","-3,10%"
"25/08/2020","258","258","264","256","31,10M","-2,27%"
"24/08/2020","264","260","264","250","48,74M","0,00%"
"19/08/2020","264","280","282","262","75,66M","-5,04%"
"18/08/2020","278","264","278","262","160,16M","8,59%"
"14/08/2020","256","256","262","252","80,19M","1,59%"
"13/08/2020","252","266","266","250","52,08M","-2,33%"
"12/08/2020","258","252","258","246","109,50M","-1,53%"
"11/08/2020","262","272","276","258","115,81M","-2,96%"
"10/08/2020","270","270","280","262","96,93M","-2,17%"
"07/08/2020","276","286","294","272","154,87M","-2,82%"
"06/08/2020","284","300","300","282","306,36M","-2,07%"
"05/08/2020","290","278","294","274","482,47M","10,69%"
"04/08/2020","262","252","264","246","140,69M","5,65%"
"03/08/2020","248","266","276","242","163,10M","-4,62%"
"30/07/2020","260","276","278","258","76,62M","-4,41%"
"29/07/2020","272","270","278","264","125,57M","2,26%"
"28/07/2020","266","280","308","258","526,25M","-1,48%"
"27/07/2020","270","236","280","236","677,25M","19,47%"
"24/07/2020","226","230","244","218","231,32M","0,00%"
"23/07/2020","226","234","244","218","260,30M","-0,88%"
"22/07/2020","228","183","246","183","603,32M","24,59%"
"21/07/2020","183","182","185","179","18,13M","2,23%"
"20/07/2020","179","182","183","179","6,00M","-1,10%"
"17/07/2020","181","182","182","180","3,18M","-0,55%"
"16/07/2020","182","184","185","180","10,06M","0,00%"
"15/07/2020","182","182","185","180","6,91M","1,11%"
"14/07/2020","180","183","185","179","8,83M","-1,10%"
"13/07/2020","182","180","184","180","4,60M","1,11%"
"10/07/2020","180","187","188","179","13,00M","-3,74%"
"09/07/2020","187","183","188","183","16,92M","2,75%"
"08/07/2020","182","180","185","180","20,18M","2,25%"
"07/07/2020","178","179","180","177","4,04M","0,00%"
"06/07/2020","178","180","180","178","6,59M","-0,56%"
"03/07/2020","179","180","181","178","5,42M","0,00%"
"02/07/2020","179","183","185","179","8,81M","-2,19%"
"01/07/2020","183","178","185","177","24,51M","3,98%"
"30/06/2020","176","179","179","176","10,43M","-1,68%"
"29/06/2020","179","181","182","178","6,56M","-0,56%"
"26/06/2020","180","179","182","178","9,46M","0,56%"
"25/06/2020","179","182","183","178","17,11M","-2,72%"
"24/06/2020","184","184","186","184","9,62M","1,10%"
"23/06/2020","182","187","189","182","14,33M","-2,15%"
"22/06/2020","186","183","192","183","52,19M","2,20%"
"19/06/2020","182","183","184","180","4,83M","0,00%"
"18/06/2020","182","185","186","182","10,42M","-0,55%"
"17/06/2020","183","181","187","178","14,85M","2,23%"
"16/06/2020","179","179","183","178","11,04M","0,00%"
"15/06/2020","179","184","186","179","8,32M","-2,19%"
"12/06/2020","183","185","187","178","13,27M","-2,14%"
"11/06/2020","187","189","190","186","14,14M","-0,53%"
"10/06/2020","188","190","191","186","12,74M","-0,53%"
"09/06/2020","189","193","195","189","18,86M","-0,53%"
"08/06/2020","190","188","191","188","14,25M","1,06%"
"05/06/2020","188","190","190","187","5,95M","0,00%"
"04/06/2020","188","189","191","187","12,65M","-0,53%"
"03/06/2020","189","190","191","187","7,27M","-0,53%"
"02/06/2020","190","190","192","188","9,43M","0,53%"
"29/05/2020","189","188","194","188","18,42M","0,00%"
"28/05/2020","189","190","190","186","10,83M","-0,53%"
"27/05/2020","190","190","190","185","15,90M","0,00%"
"26/05/2020","190","190","191","186","16,72M","0,00%"
"20/05/2020","190","192","194","189","11,95M","0,00%"
"19/05/2020","190","200","202","190","30,25M","-4,52%"
"18/05/2020","199","192","204","191","69,70M","4,74%"
"15/05/2020","190","195","196","188","24,17M","-1,04%"
"14/05/2020","192","189","195","189","22,02M","1,05%"
"13/05/2020","190","188","191","187","10,06M","0,53%"
"12/05/2020","189","190","191","188","11,40M","-0,53%"
"11/05/2020","190","189","190","187","17,32M","1,06%"
"08/05/2020","188","192","194","188","20,14M","-1,05%"
"06/05/2020","190","192","192","188","9,82M","-0,52%"
"05/05/2020","191","192","193","190","11,23M","-0,52%"
"04/05/2020","192","193","194","190","9,13M","-0,52%"
"30/04/2020","193","190","196","189","15,52M","1,58%"
"29/04/2020","190","190","191","187","8,57M","0,00%"
"28/04/2020","190","192","192","186","19,17M","-2,06%"
"27/04/2020","194","195","197","190","15,46M","0,00%"
"24/04/2020","194","197","197","193","15,25M","0,52%"
"23/04/2020","193","192","199","192","20,81M","0,52%"
"22/04/2020","192","196","199","190","32,88M","-1,03%"
"21/04/2020","194","191","194","187","26,32M","2,11%"
"20/04/2020","190","196","196","190","14,13M","-2,56%"
"17/04/2020","195","202","202","194","21,81M","-2,01%"
"16/04/2020","199","194","202","191","24,88M","2,58%"
"15/04/2020","194","206","206","192","39,69M","-4,90%"
"14/04/2020","204","210","214","202","56,37M","0,00%"
"13/04/2020","204","204","206","199","31,48M","2,51%"
"09/04/2020","199","208","208","194","49,59M","-4,33%"
"08/04/2020","208","226","226","208","41,24M","-6,31%"
"07/04/2020","222","206","226","197","149,18M","12,69%"
"06/04/2020","197","200","200","195","27,55M","-0,51%"
"03/04/2020","198","199","204","197","22,95M","1,54%"
"02/04/2020","195","197","199","192","15,74M","1,04%"
"01/04/2020","193","188","196","186","11,55M","1,05%"
"31/03/2020","191","195","198","190","8,88M","0,00%"
"30/03/2020","191","202","202","191","13,82M","-6,37%"
"27/03/2020","204","220","226","202","28,64M","-5,56%"
"26/03/2020","216","224","230","214","26,83M","-1,82%"
"24/03/2020","220","220","226","214","26,01M","3,77%"
"23/03/2020","212","208","220","200","56,56M","0,95%"
"20/03/2020","210","199","222","195","62,14M","3,96%"
"19/03/2020","202","198","204","191","63,81M","1,00%"
"18/03/2020","200","206","208","194","54,41M","-2,91%"
"17/03/2020","206","197","208","188","50,87M","1,98%"
"16/03/2020","202","202","212","197","54,31M","-3,81%"
"13/03/2020","210","181","222","173","98,79M","13,51%"
"12/03/2020","185","188","196","173","77,90M","-3,65%"
"11/03/2020","192","195","204","187","90,35M","-2,04%"
"10/03/2020","196","190","199","185","73,99M","2,08%"
"09/03/2020","192","224","228","190","139,04M","-12,73%"
"06/03/2020","220","220","224","216","76,14M","2,80%"
"05/03/2020","214","228","228","210","106,39M","-3,60%"
"04/03/2020","222","220","228","216","96,73M","5,71%"
"03/03/2020","210","212","216","204","90,81M","0,96%"
"02/03/2020","208","210","218","202","82,57M","-2,80%"
"28/02/2020","214","238","238","200","136,99M","-10,83%"
"27/02/2020","240","252","260","232","108,66M","-4,76%"
"26/02/2020","252","252","260","244","81,47M","-2,33%"
"25/02/2020","258","274","274","254","99,86M","-6,52%"
"24/02/2020","276","264","280","264","127,35M","5,34%"
"21/02/2020","262","254","264","250","103,34M","4,80%"
"20/02/2020","250","244","254","242","116,42M","3,31%"
"19/02/2020","242","236","246","228","115,79M","6,14%"
"18/02/2020","228","228","236","224","75,42M","0,00%"
"17/02/2020","228","226","232","220","61,41M","1,79%"
"14/02/2020","224","228","228","216","47,61M","1,82%"
"13/02/2020","220","226","226","212","53,90M","-2,65%"
"12/02/2020","226","228","228","222","48,20M","-0,88%"
"11/02/2020","228","230","232","222","55,86M","0,00%"
"10/02/2020","228","246","246","226","65,92M","-5,79%"
"07/02/2020","242","224","242","224","67,42M","9,01%"
"06/02/2020","222","224","230","222","50,73M","-0,89%"
"05/02/2020","224","226","228","218","59,49M","-0,88%"
"04/02/2020","226","234","244","224","63,21M","-3,42%"
"03/02/2020","234","244","250","232","62,35M","-4,10%"
"31/01/2020","244","262","262","240","84,48M","-6,87%"
"30/01/2020","262","250","262","244","87,74M","7,38%"
"29/01/2020","244","254","258","238","85,14M","-3,94%"
"28/01/2020","254","266","266","252","85,14M","-1,55%"
"27/01/2020","258","268","278","252","103,71M","-3,73%"
"24/01/2020","268","264","274","260","91,40M","1,52%"
"23/01/2020","264","256","266","250","96,33M","3,13%"
"22/01/2020","256","264","266","246","103,68M","-3,03%"
"21/01/2020","264","284","284","220","250,39M","-5,04%"
"20/01/2020","278","286","290","270","98,97M","-2,80%"
"17/01/2020","286","290","300","282","108,05M","-1,38%"
"16/01/2020","290","296","302","282","105,95M","-1,36%"
"15/01/2020","294","286","298","282","113,78M","2,80%"
"14/01/2020","286","298","298","278","102,90M","-4,03%"
"13/01/2020","298","310","316","296","90,83M","-3,87%"
"10/01/2020","310","296","312","292","106,60M","4,03%"
"09/01/2020","298","320","320","296","134,12M","-9,15%"
"08/01/2020","328","314","346","312","235,56M","6,49%"
"07/01/2020","308","298","308","288","134,08M","3,36%"
"06/01/2020","298","296","312","294","154,35M","2,76%"
"03/01/2020","290","266","292","260","151,60M","11,54%"
"02/01/2020","260","262","274","260","102,33M","0,00%"
"30/12/2019","260","262","268","258","100,66M","0,00%"
"27/12/2019","260","266","274","250","122,23M","-1,52%"
"26/12/2019","264","248","264","244","127,70M","8,20%"
"23/12/2019","244","252","256","242","93,26M","-3,17%"
"20/12/2019","252","244","252","242","92,99M","3,28%"
"19/12/2019","244","244","252","238","100,12M","0,00%"
"18/12/2019","244","246","258","236","118,52M","-0,81%"
"17/12/2019","246","232","248","230","102,39M","6,03%"
"16/12/2019","232","240","240","230","91,41M","-3,33%"
"13/12/2019","240","236","242","224","98,59M","1,69%"
"12/12/2019","236","240","248","230","102,58M","-0,84%"
"11/12/2019","238","216","240","210","126,48M","10,19%"
"10/12/2019","216","220","222","210","89,69M","-1,82%"
"09/12/2019","220","238","238","212","124,49M","-8,33%"
"06/12/2019","240","248","258","230","103,50M","-3,23%"
"05/12/2019","248","252","260","238","122,22M","-0,80%"
"04/12/2019","250","224","256","220","143,69M","13,64%"
"03/12/2019","220","224","238","220","110,90M","-2,65%"
"02/12/2019","226","199","230","196","108,39M","13,57%"
"29/11/2019","199","214","220","197","93,11M","-6,13%"
"28/11/2019","212","218","232","208","102,40M","-2,75%"
"27/11/2019","218","208","240","196","128,23M","6,86%"
"26/11/2019","204","220","220","202","75,05M","-4,67%"
"25/11/2019","214","230","240","214","77,21M","-6,14%"
"22/11/2019","228","240","240","214","125,26M","-6,56%"
"21/11/2019","244","250","252","238","91,96M","-2,40%"
"20/11/2019","250","258","262","248","92,00M","-3,10%"
"19/11/2019","258","264","270","254","87,79M","-1,53%"
"18/11/2019","262","262","268","258","64,94M","0,00%"
"15/11/2019","262","268","272","258","71,14M","-0,76%"
"14/11/2019","264","266","272","256","62,93M","-0,75%"
"13/11/2019","266","274","274","264","62,15M","-2,92%"
"12/11/2019","274","276","278","260","74,65M","-0,72%"
"11/11/2019","276","264","278","248","94,42M","5,34%"
"08/11/2019","262","280","280","258","89,60M","-5,76%"
"07/11/2019","278","278","284","260","73,64M","0,00%"
"06/11/2019","278","282","290","276","75,62M","-2,80%"
"05/11/2019","286","294","302","284","61,96M","-2,72%"
"04/11/2019","294","296","300","278","72,62M","0,00%"
"01/11/2019","294","298","308","288","74,02M","-1,34%"
"31/10/2019","298","300","314","276","101,86M","-0,67%"
"30/10/2019","300","298","302","290","63,39M","0,67%"
"29/10/2019","298","298","298","288","57,64M","0,00%"
"28/10/2019","298","300","302","292","48,56M","0,68%"